call_duration_seconds,tts_price_usd,llm_price_usd,stt_price_usd,tts_characters_count,llm_prompt_tokens,llm_completion_tokens,llm_prompt_cached_tokens,stt_audio_duration_s,message_count,total_cost_usd,cache_ratio,live_intent,termination_reason,location,called_number,has_customer,hour_of_day,day_of_week,is_weekend,is_orders,analysis_sentiment_score,analysis_sentiment_label,_src_row,_rand_seed,_rank,partition
40,$0.004000,$0.005042,$0.003823,80,"2,417",26,0,0.0,,$0.012865,0.0%,reception,staff_left,A,+18776806521,1,6,2,0,0,0.00,positive,78,0.081423454,408,test
48,$0.027050,$0.019469,$0.005024,541,"13,632",180,"4,736",39.2,,$0.051543,34.7%,reservations,call_ended,A,+18776806521,1,23,3,0,0,-0.20,negative,79,0.595287783,180,train
164,$0.097250,$0.050804,$0.017120,"1,945","92,957",708,"72,192",133.4,,$0.165174,77.7%,orders,transfer,A,+18776806521,1,18,4,0,1,0.20,positive,80,0.109152113,395,test
8,$0.002150,$0.000000,$0.002756,43,0,0,0,0.0,,$0.004906,,reception,call_ended,A,+18776806521,1,1,6,1,0,0.00,positive,81,0.623016442,167,train
54,$0.030150,$0.011262,$0.005249,603,"7,498",126,"2,432",40.9,,$0.046661,32.4%,reception,call_ended,A,+18776806521,1,1,6,1,0,-1.00,negative,82,0.136880772,382,test
26,$0.018500,$0.010336,$0.001501,370,"4,856",78,0,11.7,,$0.030337,0.0%,reception,call_ended,A,+18776806521,1,1,6,1,0,-0.90,negative,83,0.650745101,154,train
"3,342",$0.013700,$0.001660,$0.081960,274,514,79,0,0.0,,$0.097320,0.0%,reception,call_ended,A,+18776806521,0,2,6,1,0,0.00,positive,84,0.164609431,369,test
248,$0.057050,$0.044312,$0.017488,"1,141","84,108",580,"65,920",0.0,,$0.118850,78.4%,orders,call_ended,A,+18776806521,0,6,1,0,1,0.34,positive,85,0.67847376,141,train
420,$0.090950,$0.082941,$0.026118,"1,819","111,252","1,025","75,776",0.0,,$0.200009,68.1%,orders,call_ended,A,+18776806521,0,7,1,0,1,0.18,positive,86,0.19233809,356,test
230,$0.056950,$0.098348,$0.018752,"1,139","142,826",767,"99,200",0.0,,$0.174050,69.5%,orders,call_ended,A,+18776806521,0,8,1,0,1,0.12,positive,87,0.706202419,128,train
338,$0.083950,$0.053595,$0.008226,"1,679","80,411",543,"57,216",64.1,,$0.145771,71.2%,reception,staff_left,A,+18776806521,0,9,1,0,0,-0.31,negative,88,0.220066749,343,validation
54,$0.006250,$0.005044,$0.002689,125,"2,414",27,0,21.0,,$0.013983,0.0%,reception,call_ended,A,+18776806521,0,9,1,0,0,0.05,positive,89,0.733931079,115,train
40,$0.019250,$0.005708,$0.006473,385,"2,106",187,0,0.0,,$0.031431,0.0%,reception,call_ended,A,+18776806521,0,14,1,0,0,0.00,positive,90,0.247795408,331,validation
61,$0.035500,$0.011835,$0.006211,710,"10,032",157,"4,864",48.4,,$0.053546,48.5%,reception,call_ended,A,+18776806521,1,2,3,0,0,-0.95,negative,91,0.761659738,103,train
68,$0.047850,$0.038345,$0.005974,957,"28,795",340,"11,264",46.6,,$0.092169,39.1%,reservations,call_ended,A,+18776806521,1,4,3,0,0,0.40,positive,92,0.275524067,319,validation
89,$0.056650,$0.043972,$0.009856,"1,133","37,871",428,"18,048",76.8,,$0.110478,47.7%,reservations,call_ended,A,+18776806521,1,4,3,0,0,0.20,positive,93,0.789388397,91,train
46,$0.011050,$0.010212,$0.001861,221,"4,866",60,0,14.5,,$0.023123,0.0%,reception,staff_left,A,+18776806521,1,5,3,0,0,0.00,positive,94,0.303252726,307,validation
48,$0.006650,$0.005725,$0.001842,133,"7,316",41,"4,736",14.4,,$0.014217,64.7%,orders,call_ended,A,+18776806521,0,11,3,0,1,0.00,positive,95,0.817117056,79,train
93,$0.031600,$0.036393,$0.009042,632,"35,495",293,"18,944",0.0,,$0.077035,53.4%,orders,call_ended,A,+18776806521,1,11,3,0,1,0.00,positive,96,0.330981385,295,validation
124,$0.016800,$0.008320,$0.010459,336,"3,608",138,0,81.5,,$0.035579,0.0%,reception,call_ended,A,+18776806521,0,11,3,0,0,0.05,positive,97,0.844845715,67,train
38,$0.006150,$0.000000,$0.003349,123,0,0,0,0.0,,$0.009499,,reception,call_ended,A,+18776806521,0,12,3,0,0,0.00,positive,98,0.358710045,283,validation
77,$0.021200,$0.005146,$0.005929,424,"2,157",104,0,46.2,,$0.032275,0.0%,reception,call_ended,A,+18776806521,0,12,3,0,0,0.20,positive,99,0.872574374,55,train
83,$0.014100,$0.023251,$0.007354,282,"24,036",111,"13,184",57.3,,$0.044705,54.9%,orders,call_ended,A,+18776806521,0,12,3,0,1,0.18,positive,100,0.386438704,271,validation
142,$0.053500,$0.008646,$0.012879,"1,070","3,659",166,0,0.0,,$0.075025,0.0%,orders,call_ended,A,+18776806521,0,12,3,0,1,0.00,positive,101,0.900303033,43,train
106,$0.032100,$0.005220,$0.009209,642,"2,162",112,0,0.0,,$0.046529,0.0%,orders,call_ended,A,+18776806521,0,13,3,0,1,0.12,positive,102,0.414167363,259,train
109,$0.022400,$0.011266,$0.008804,448,"5,041",148,0,68.6,,$0.042470,0.0%,reception,call_ended,A,+18776806521,1,13,3,0,0,0.00,positive,103,0.928031692,31,train
99,$0.030000,$0.004796,$0.007546,600,"2,002",99,0,58.8,,$0.042342,0.0%,reception,call_ended,A,+18776806521,0,13,3,0,0,0.05,positive,104,0.441896022,247,train
101,$0.024450,$0.010927,$0.008521,489,"7,066",161,"2,304",66.4,,$0.043898,32.6%,reception,call_ended,A,+18776806521,1,14,3,0,0,0.05,positive,105,0.955760351,19,train
149,$0.016650,$0.015234,$0.014444,333,"7,009",152,0,112.5,,$0.046328,0.0%,orders,call_ended,A,+18776806521,0,15,3,0,1,0.05,positive,106,0.469624681,235,train
201,$0.032800,$0.039492,$0.003016,656,"20,873",311,"2,432",23.5,,$0.075308,11.7%,reception,call_ended,A,+18776806521,1,15,3,0,0,0.05,positive,107,0.98348901,7,train
68,$0.014650,$0.010072,$0.004870,293,"4,512",131,0,38.0,,$0.029592,0.0%,reception,call_ended,A,+18776806521,1,15,3,0,0,0.20,positive,108,0.49735334,223,train
83,$0.013850,$0.010130,$0.005961,277,"4,553",128,0,46.5,,$0.029941,0.0%,reception,call_ended,A,+18776806521,1,15,3,0,0,0.00,positive,109,0.01121767,439,test
68,$0.007900,$0.005188,$0.006015,158,"2,166",107,0,0.0,,$0.019103,0.0%,reception,call_ended,A,+18776806521,1,15,3,0,0,0.05,positive,110,0.525081999,211,train
64,$0.006650,$0.003948,$0.003497,133,"1,634",85,0,27.3,,$0.014095,0.0%,reception,call_ended,A,+18776806521,1,16,3,0,0,0.00,positive,111,0.038946329,427,test
86,$0.022150,$0.012100,$0.006481,443,"5,390",165,0,50.5,,$0.040731,0.0%,reception,call_ended,A,+18776806521,1,16,3,0,0,0.15,positive,112,0.552810658,199,train
86,$0.022950,$0.021815,$0.004164,459,"15,014",159,"4,864",32.5,,$0.048929,32.4%,reception,call_ended,A,+18776806521,1,17,3,0,0,0.25,positive,113,0.066674988,415,test
78,$0.009350,$0.025838,$0.003869,187,"14,858",108,"2,432",30.2,,$0.039057,16.4%,reception,call_ended,A,+18776806521,1,17,3,0,0,0.30,positive,114,0.580539317,187,train
61,$0.005700,$0.015068,$0.000699,114,"7,322",53,0,5.4,,$0.021467,0.0%,reception,call_ended,A,+18776806521,1,17,3,0,0,0.20,positive,115,0.094403647,402,test
63,$0.009700,$0.005050,$0.005044,194,"2,109",104,0,39.3,,$0.019794,0.0%,reception,call_ended,A,+18776806521,1,17,3,0,0,0.00,positive,116,0.608267976,174,train
103,$0.020900,$0.012338,$0.008675,418,"5,521",162,0,67.6,,$0.041913,0.0%,reception,call_ended,A,+18776806521,1,18,3,0,0,0.15,positive,117,0.122132306,389,test
61,$0.009700,$0.005142,$0.005916,194,"2,091",120,0,0.0,,$0.020758,0.0%,reception,call_ended,A,+18776806521,1,18,3,0,0,0.00,positive,118,0.635996636,161,train
82,$0.013600,$0.015918,$0.002188,272,"9,906",106,"2,432",17.1,,$0.031706,24.6%,reception,call_ended,A,+18776806521,1,18,3,0,0,0.20,positive,119,0.149860965,376,test
351,$0.066950,$0.071403,$0.022637,"1,339","120,159",788,"89,856",0.0,,$0.160990,74.8%,orders,call_ended,A,+18776806521,1,18,3,0,1,0.05,positive,120,0.663725295,148,train
381,$0.064200,$0.051091,$0.020274,"1,284","57,095",911,"36,096",0.0,,$0.135565,63.2%,reservations,call_ended,A,+18776806521,1,18,3,0,0,0.35,positive,121,0.177589624,363,test
117,$0.012050,$0.022371,$0.007577,241,"15,351",113,"4,736",0.0,,$0.041998,30.9%,orders,call_ended,A,+18776806521,1,18,3,0,1,0.00,positive,122,0.691453954,135,train
83,$0.006900,$0.005583,$0.005459,138,"4,874",41,"2,304",0.0,,$0.017942,47.3%,reception,call_ended,A,+18776806521,1,19,3,0,0,0.05,positive,123,0.205318283,350,validation
198,$0.024000,$0.019490,$0.011840,480,"17,674",389,"9,728",0.0,,$0.055330,55.0%,reception,call_ended,A,+18776806521,1,19,3,0,0,0.00,positive,124,0.719182613,122,train
125,$0.013000,$0.011195,$0.008161,260,"9,815",100,"4,736",0.0,,$0.032356,48.3%,reception,call_ended,A,+18776806521,1,19,3,0,0,0.20,positive,125,0.233046942,337,validation
76,$0.013600,$0.020857,$0.002085,272,"12,231",111,"2,304",16.3,,$0.036542,18.8%,reception,call_ended,A,+18776806521,1,19,3,0,0,0.20,positive,126,0.746911272,109,train
162,$0.002000,$0.010537,$0.000314,40,"7,311",51,"2,304",2.5,,$0.012851,31.5%,reception,call_ended,A,+18776806521,1,19,3,0,0,0.00,positive,127,0.260775601,325,validation
206,$0.036950,$0.020032,$0.012057,739,"17,820",389,"9,600",0.0,,$0.069039,53.9%,reception,call_ended,A,+18776806521,1,19,3,0,0,0.25,positive,128,0.774639931,97,train
492,$0.052950,$0.060667,$0.000520,"1,059","53,696",493,"25,984",4.0,,$0.114137,48.4%,reservations,call_ended,A,+18776806521,1,19,3,0,0,0.05,positive,129,0.288504261,313,validation
285,$0.044350,$0.033456,$0.014844,887,"27,388",299,"12,160",0.0,,$0.092650,44.4%,reservations,call_ended,A,+18776806521,1,20,3,0,0,0.05,positive,130,0.80236859,85,train
131,$0.017200,$0.026413,$0.000744,344,"17,401",137,"4,864",5.8,,$0.044357,28.0%,reception,call_ended,A,+18776806521,1,20,3,0,0,0.35,positive,131,0.31623292,301,validation
238,$0.032450,$0.029279,$0.012329,649,"25,741",251,"12,416",0.0,,$0.074058,48.2%,reservations,call_ended,A,+18776806521,1,20,3,0,0,0.05,positive,132,0.830097249,73,train
48,$0.005800,$0.005084,$0.004080,116,"2,422",30,0,0.0,,$0.014964,0.0%,reception,call_ended,A,+18776806521,1,21,3,0,0,0.20,positive,133,0.343961579,289,validation
43,$0.011150,$0.009977,$0.005307,223,"6,810",75,"2,176",0.0,,$0.026434,32.0%,reception,call_ended,A,+18776806521,1,11,4,0,0,0.05,positive,134,0.857825908,61,train
50,$0.008100,$0.014974,$0.001919,162,"11,410",80,"4,352",15.0,,$0.024993,38.1%,orders,call_ended,A,+18776806521,1,11,4,0,1,0.00,positive,135,0.371690238,277,validation
32,$0.006700,$0.015783,$0.001726,134,"9,853",40,"2,176",13.5,,$0.024209,22.1%,orders,call_ended,A,+18776806521,1,11,4,0,1,0.10,positive,136,0.885554567,49,train
40,$0.013450,$0.020710,$0.003061,269,"15,180",73,"5,248",23.9,,$0.037221,34.6%,orders,call_ended,A,+18776806521,1,11,4,0,1,0.12,positive,137,0.399418897,265,train
29,$0.006700,$0.015807,$0.001752,134,"9,865",40,"2,176",13.7,,$0.024259,22.1%,orders,call_ended,A,+18776806521,1,11,4,0,1,0.05,positive,138,0.913283227,37,train
177,$0.075100,$0.044607,$0.019975,"1,502","43,825",454,"23,936",155.7,,$0.139682,54.6%,reservations,call_ended,A,+18776806521,1,13,4,0,0,0.35,positive,139,0.427147556,253,train
189,$0.002000,$0.015321,$0.011472,40,"16,474",199,"9,856",0.0,,$0.028793,59.8%,reception,call_ended,A,+18776806521,1,18,4,0,0,0.35,positive,140,0.941011886,25,train
35,$0.005350,$0.005092,$0.000449,107,"2,410",34,0,3.5,,$0.010891,0.0%,reception,transfer,A,+18776806521,1,22,4,0,0,0.00,positive,141,0.454876215,241,train
58,$0.005350,$0.005052,$0.000436,107,"2,410",29,0,3.4,,$0.010838,0.0%,reception,staff_left,A,+18776806521,1,22,4,0,0,0.00,positive,142,0.968740545,13,train
39,$0.005350,$0.005084,$0.000417,107,"2,410",33,0,3.3,,$0.010851,0.0%,reception,staff_left,A,+18776806521,1,22,4,0,0,0.00,positive,143,0.482604874,229,train
41,$0.023100,$0.010820,$0.003690,462,"7,393",97,"2,432",28.8,,$0.037610,32.9%,reception,call_ended,A,+18776806521,1,23,4,0,0,-0.95,negative,144,0.996469204,1,train
34,$0.018250,$0.005841,$0.003240,365,"4,883",71,"2,304",25.3,,$0.027331,47.2%,reception,call_ended,A,+18776806521,1,23,4,0,0,-0.90,negative,145,0.510333533,217,train
41,$0.006150,$0.000000,$0.003420,123,0,0,0,0.0,,$0.009570,,reception,call_ended,A,+18776806521,0,2,5,0,0,0.00,positive,146,0.024197863,433,test
9,$0.002150,$0.000000,$0.002756,43,0,0,0,0.0,,$0.004906,,reception,call_ended,A,+18776806521,1,0,6,1,0,0.00,positive,147,0.538062192,205,train
21,$0.007500,$0.004114,$0.000417,150,"1,933",31,0,3.3,,$0.012031,0.0%,reception,call_ended,A,+18776806521,1,2,0,1,0,0.30,positive,148,0.051926522,421,test
114,$0.071550,$0.050403,$0.011261,"1,431","84,071",477,"62,336",87.8,,$0.133214,74.1%,orders,call_ended,A,+18776806521,1,2,0,1,1,0.25,positive,149,0.565790852,193,train
42,$0.015100,$0.005957,$0.000571,302,"4,925",75,"2,304",4.4,,$0.021628,46.8%,reception,call_ended,A,+18776806521,1,2,0,1,0,0.05,positive,150,0.079655181,409,test
49,$0.019750,$0.011851,$0.004575,395,"10,184",121,"4,864",35.7,,$0.036176,47.8%,reception,call_ended,A,+18776806521,1,2,0,1,0,0.20,positive,151,0.593519511,181,train
318,$0.018200,$0.018778,$0.035786,364,"20,620",125,"12,032",278.9,,$0.072764,58.4%,orders,call_ended,A,+18776806521,1,14,0,1,1,0.20,positive,152,0.10738384,396,test
180,$0.022300,$0.027286,$0.006782,446,"22,902",150,"10,112",52.9,,$0.056368,44.2%,orders,call_ended,A,+18776806521,1,15,0,1,1,0.20,positive,153,0.62124817,168,train
513,$0.071250,$0.064618,$0.059797,"1,425","127,550",713,"100,608",465.9,,$0.195665,78.9%,orders,call_ended,A,+18776806521,1,15,0,1,1,0.45,positive,154,0.135112499,383,test
120,$0.019550,$0.021143,$0.011056,391,"21,310",217,"11,904",86.2,,$0.051749,55.9%,reservations,call_ended,A,+18776806521,1,15,0,1,0,0.35,positive,155,0.648976829,155,train
136,$0.024600,$0.032788,$0.010390,492,"42,433",323,"28,032",0.0,,$0.067778,66.1%,orders,call_ended,A,+18776806521,1,15,0,1,1,0.05,positive,156,0.162841158,370,test
81,$0.015150,$0.019281,$0.006192,303,"18,703",168,"9,984",48.3,,$0.040623,53.4%,orders,call_ended,A,+18776806521,1,16,0,1,1,0.05,positive,157,0.676705488,142,train
583,$0.169450,$0.062400,$0.072438,"3,389","227,439","1,141","205,952",564.5,,$0.304288,90.6%,orders,call_ended,A,+18776806521,1,17,0,1,1,0.20,positive,158,0.190569818,357,test
37,$0.015050,$0.005074,$0.002573,301,"6,090",79,"3,968",20.1,,$0.022697,65.2%,reception,call_ended,A,+18776806521,1,17,0,1,0,0.05,positive,159,0.704434147,129,train
450,$0.097500,$0.080339,$0.000687,"1,950","283,080","1,610","255,744",5.3,,$0.178526,90.3%,orders,call_ended,A,+18776806521,1,17,0,1,1,-0.15,negative,160,0.218298477,344,validation
11,$0.001950,$0.000000,$0.002748,39,0,0,0,0.0,,$0.004698,,reception,call_ended,A,+18776806521,1,18,0,1,0,0.00,positive,161,0.732162806,116,train
90,$0.025800,$0.025212,$0.008868,516,"26,818",191,"15,360",69.1,,$0.059880,57.3%,orders,call_ended,A,+18776806521,1,18,0,1,1,0.05,positive,162,0.246027136,332,validation
208,$0.071850,$0.030638,$0.022080,"1,437","62,746",436,"50,432",172.1,,$0.124568,80.4%,orders,call_ended,A,+18776806521,1,18,0,1,1,0.10,positive,163,0.759891465,104,train
184,$0.059400,$0.036279,$0.020565,"1,188","68,345",459,"53,376",160.3,,$0.116244,78.1%,orders,call_ended,A,+18776806521,1,18,0,1,1,0.02,positive,164,0.273755795,320,validation
284,$0.088150,$0.048866,$0.033732,"1,763","118,077",613,"98,560",262.9,,$0.170748,83.5%,orders,call_ended,A,+18776806521,1,18,0,1,1,0.35,positive,165,0.787620124,92,train
350,$0.112850,$0.066888,$0.041407,"2,257","134,632",755,"106,880",322.7,,$0.221145,79.4%,orders,call_ended,A,+18776806521,1,18,0,1,1,0.12,positive,166,0.301484454,308,validation
53,$0.010650,$0.004528,$0.005576,213,"3,928",52,"1,920",43.5,,$0.020754,48.9%,reception,call_ended,A,+18776806521,1,19,0,1,0,0.00,positive,167,0.815348784,80,train
625,$0.220300,$0.085867,$0.078816,"4,406","356,023","1,662","327,936",614.2,,$0.384983,92.1%,orders,call_ended,A,+18776806521,1,19,0,1,1,-0.15,negative,168,0.329213113,296,validation
110,$0.011600,$0.008562,$0.003176,232,"3,869",103,0,24.8,,$0.023338,0.0%,reception,call_ended,A,+18776806521,1,0,1,0,0,0.05,positive,169,0.843077443,68,train
29,$0.005350,$0.003956,$0.000430,107,"1,882",24,0,3.4,,$0.009736,0.0%,reception,staff_left,A,+18776806521,1,1,1,0,0,0.00,positive,170,0.356941772,284,validation
30,$0.005350,$0.003948,$0.000411,107,"1,882",23,0,3.2,,$0.009709,0.0%,reception,staff_left,A,+18776806521,1,1,1,0,0,0.00,positive,171,0.870806102,56,train
32,$0.005350,$0.003948,$0.000398,107,"1,882",23,0,3.1,,$0.009696,0.0%,reception,staff_left,A,+18776806521,1,1,1,0,0,0.00,positive,172,0.384670431,272,validation
27,$0.005350,$0.000454,$0.000398,107,"1,882",23,"1,792",3.1,,$0.006202,95.2%,reception,staff_left,A,+18776806521,1,1,1,0,0,0.00,positive,173,0.898534761,44,train
74,$0.041600,$0.010916,$0.007244,832,"12,170",194,"7,680",56.5,,$0.059760,63.1%,reception,call_ended,A,+18776806521,1,1,1,0,0,0.05,positive,174,0.41239909,260,train
49,$0.022550,$0.008816,$0.003908,451,"5,791",91,"1,792",30.5,,$0.035274,30.9%,reception,call_ended,A,+18776806521,1,1,1,0,0,0.00,positive,175,0.92626342,32,train
81,$0.038750,$0.015163,$0.008143,775,"14,000",205,"7,424",63.5,,$0.062056,53.0%,reception,call_ended,A,+18776806521,1,1,1,0,0,-0.45,negative,176,0.440127749,248,train
89,$0.031100,$0.017660,$0.008432,622,"35,442",211,"28,160",65.7,,$0.057192,79.5%,orders,call_ended,A,+18776806521,1,1,1,0,1,0.05,positive,177,0.953992079,20,train
124,$0.069200,$0.036810,$0.013462,"1,384","39,373",374,"23,040",104.9,,$0.119472,58.5%,orders,call_ended,A,+18776806521,1,1,1,0,1,-0.20,negative,178,0.467856409,236,train
62,$0.020950,$0.017702,$0.005313,419,"30,342",212,"22,912",41.4,,$0.043965,75.5%,orders,call_ended,A,+18776806521,1,2,1,0,1,0.00,positive,179,0.981720738,8,train
185,$0.049100,$0.038018,$0.019860,982,"81,260",474,"65,792",154.8,,$0.106978,81.0%,orders,call_ended,A,+18776806521,1,11,1,0,1,0.35,positive,180,0.495585068,224,train
83,$0.003600,$0.008606,$0.003767,72,"6,003",43,"1,920",29.4,,$0.015973,32.0%,orders,call_ended,A,+18776806521,1,13,1,0,1,0.15,positive,181,0.009449397,440,test
81,$0.021200,$0.007824,$0.005050,424,"12,155",92,"8,832",39.4,,$0.034074,72.7%,reception,call_ended,A,+18776806521,1,21,1,0,0,0.05,positive,182,0.523313727,212,train
170,$0.040500,$0.028606,$0.012051,810,"30,299",369,"17,920",93.9,,$0.081157,59.1%,reception,call_ended,A,+18776806521,1,21,1,0,0,0.05,positive,183,0.037178056,428,test
115,$0.036450,$0.020282,$0.007520,729,"15,573",202,"6,400",58.6,,$0.064252,41.1%,reception,call_ended,A,+18776806521,1,10,2,0,0,-0.15,negative,184,0.551042386,200,train
156,$0.030100,$0.046974,$0.014110,602,"32,692",382,"11,008",110.0,,$0.091184,33.7%,orders,call_ended,A,+18776806521,1,10,2,0,1,0.05,positive,185,0.064906715,416,test
360,$0.087850,$0.077816,$0.040508,"1,757","131,201",826,"98,048",315.7,,$0.206174,74.7%,orders,call_ended,A,+18776806521,1,11,2,0,1,0.05,positive,186,0.578771045,188,train
112,$0.023250,$0.039702,$0.006718,465,"28,100",309,"9,728",52.4,,$0.069670,34.6%,orders,call_ended,A,+18776806521,1,11,2,0,1,0.20,positive,187,0.092635375,403,test
143,$0.025550,$0.033020,$0.006282,511,"25,338",289,"10,240",49.0,,$0.064852,40.4%,orders,call_ended,A,+18776806521,1,11,2,0,1,0.20,positive,188,0.606499704,175,train
186,$0.049400,$0.042652,$0.019070,988,"41,131",384,"21,888",148.6,,$0.111122,53.2%,reception,call_ended,A,+18776806521,1,11,2,0,0,0.00,positive,189,0.120364034,390,test
281,$0.046850,$0.054239,$0.023735,937,"82,741",509,"59,136",184.9,,$0.124824,71.5%,orders,call_ended,A,+18776806521,1,11,2,0,1,0.12,positive,190,0.634228363,162,train
45,$0.014050,$0.022671,$0.001880,281,"14,337",92,"3,456",14.7,,$0.038601,24.1%,reception,call_ended,A,+18776806521,1,12,2,0,0,0.05,positive,191,0.148092693,377,test
114,$0.058650,$0.042558,$0.012602,"1,173","44,099",379,"24,960",98.2,,$0.113810,56.6%,reservations,call_ended,A,+18776806521,1,22,2,0,0,0.35,positive,192,0.661957022,149,train
114,$0.050200,$0.051231,$0.012865,"1,004","71,669",405,"48,896",100.3,,$0.114296,68.2%,orders,call_ended,A,+18776806521,1,22,2,0,1,0.30,positive,193,0.175821352,364,test
48,$0.002000,$0.000000,$0.000212,40,0,0,0,1.7,,$0.002212,,reception,call_ended,A,22209841,1,21,3,0,0,0.00,positive,194,0.689685681,136,train
128,$0.002000,$0.000000,$0.000212,40,0,0,0,1.7,,$0.002212,,reception,call_ended,A,22209841,1,21,3,0,0,0.00,positive,195,0.203550011,351,validation
177,$0.065700,$0.069256,$0.019141,"1,314","40,330",360,"7,325",149.2,,$0.154097,18.2%,reservations,call_ended,A,22209841,1,22,3,0,0,0.35,positive,196,0.71741434,123,train
173,$0.056750,$0.086135,$0.017652,"1,135","48,924",336,"7,385",137.6,,$0.160537,15.1%,reservations,call_ended,A,22209841,1,22,3,0,0,0.30,positive,197,0.23127867,338,validation
374,$0.143800,$0.232442,$0.042639,"2,876","272,310",925,"163,886",332.3,,$0.418881,60.2%,orders,call_ended,A,22209841,1,23,3,0,1,0.35,positive,198,0.745143,110,train
200,$0.082250,$0.167738,$0.021605,"1,645","195,710",567,"117,035",168.4,,$0.271593,59.8%,orders,call_ended,A,22209841,1,0,4,0,1,0.45,positive,199,0.259007329,326,validation
355,$0.122600,$0.223827,$0.042639,"2,452","348,170",776,"245,498",332.3,,$0.389066,70.5%,orders,call_ended,A,22209841,1,0,4,0,1,0.35,positive,200,0.772871659,98,train
338,$0.081950,$0.232266,$0.000545,"1,639","285,756",736,"176,992",4.2,,$0.314761,61.9%,orders,call_ended,A,22209841,1,0,4,0,1,0.35,positive,201,0.286735988,314,validation
224,$0.082450,$0.168058,$0.022721,"1,649","211,358",528,"132,760",177.1,,$0.273229,62.8%,orders,call_ended,A,22209841,1,1,4,0,1,0.38,positive,202,0.800600318,86,train
148,$0.039850,$0.109308,$0.013443,797,"72,189",259,"19,047",104.8,,$0.162601,26.4%,orders,call_ended,A,22209841,1,2,4,0,1,0.20,positive,203,0.314464647,302,validation
243,$0.017200,$0.155251,$0.025481,"1,720","185,590",577,"113,100",198.6,,$0.197932,60.9%,orders,call_ended,A,22209841,1,2,4,0,1,0.22,positive,204,0.828328977,74,train
141,$0.007780,$0.115701,$0.011364,778,"71,901",244,"15,412",88.6,,$0.134845,21.4%,orders,call_ended,A,22209841,1,2,4,0,1,0.15,positive,205,0.342193306,290,validation
103,$0.043150,$0.131914,$0.010453,863,"144,998",315,"82,360",81.5,,$0.185517,56.8%,orders,call_ended,A,22209841,1,2,4,0,1,0.20,positive,206,0.856057636,62,train
89,$0.014750,$0.023571,$0.006808,295,"19,352",64,"8,023",53.1,,$0.045129,41.5%,reception,call_ended,A,22209841,1,21,0,1,0,0.05,positive,207,0.369921966,278,validation
60,$0.025100,$0.028352,$0.004293,502,"13,732",111,0,33.5,,$0.057745,0.0%,reception,call_ended,A,22209841,1,21,0,1,0,0.15,positive,208,0.883786295,50,train
83,$0.002000,$0.000000,$0.000353,40,0,0,0,2.8,,$0.002353,,reception,call_ended,A,22209841,1,22,0,1,0,0.15,positive,209,0.397650625,266,train
189,$0.047800,$0.092213,$0.019937,956,"148,019",334,"105,896",155.3,,$0.159950,71.5%,orders,call_ended,A,22209841,1,22,0,1,1,0.35,positive,210,0.911514954,38,train
22,$0.006500,$0.007174,$0.000417,130,"3,503",21,0,3.3,,$0.014091,0.0%,reception,call_ended,A,22209841,1,23,0,1,0,0.05,positive,211,0.425379284,254,train
131,$0.042150,$0.126437,$0.013225,843,"84,745",354,"23,531",103.1,,$0.181812,27.8%,orders,call_ended,A,22209841,1,16,1,0,1,0.25,positive,212,0.939243613,26,train
44,$0.006150,$0.000000,$0.003492,123,0,0,0,0.0,,$0.009642,,reception,call_ended,A,22209841,0,13,2,0,0,0.00,positive,213,0.453107943,242,train
46,$0.006150,$0.000000,$0.003539,123,0,0,0,0.0,,$0.009689,,reception,call_ended,A,22209841,0,13,2,0,0,0.00,positive,214,0.966972272,14,train
44,$0.006150,$0.000000,$0.003492,123,0,0,0,0.0,,$0.009642,,reception,call_ended,A,22209841,0,13,2,0,0,0.00,positive,215,0.480836602,230,train
45,$0.006150,$0.000000,$0.003515,123,0,0,0,0.0,,$0.009665,,reception,call_ended,A,22209841,0,13,2,0,0,0.00,positive,216,0.994700931,2,train
296,$0.036300,$0.049378,$0.029760,726,"23,797",223,0,231.9,,$0.115438,0.0%,reservations,call_ended,A,22209841,1,15,2,0,0,0.20,positive,217,0.508565261,218,train
82,$0.015400,$0.024216,$0.003279,308,"11,852",64,0,25.6,,$0.042895,0.0%,reception,call_ended,A,22209841,1,16,2,0,0,0.00,positive,218,0.022429591,434,test
149,$0.058400,$0.138259,$0.015098,"1,168","85,204",374,"18,021",117.7,,$0.211757,21.2%,orders,call_ended,A,22209841,1,16,2,0,1,0.25,positive,219,0.53629392,206,train
158,$0.064250,$0.056199,$0.017947,"1,285","49,841",412,"23,989",139.9,,$0.138396,48.1%,reservations,call_ended,A,22209841,1,16,2,0,0,0.35,positive,220,0.05015825,422,test
179,$0.074150,$0.279067,$0.019770,"1,483","149,228",497,"11,982",154.1,,$0.372987,8.0%,orders,call_ended,A,22209841,1,16,2,0,1,0.15,positive,221,0.564022579,194,train
73,$0.023300,$0.140196,$0.006859,466,"71,215",208,"1,999",53.5,,$0.170355,2.8%,orders,call_ended,A,22209841,1,16,2,0,1,0.20,positive,222,0.077886909,410,test
410,$0.127400,$0.476326,$0.047130,"2,548","249,054","1,099","15,679",367.3,,$0.650856,6.3%,orders,call_ended,A,22209841,1,17,2,0,1,0.25,positive,223,0.591751238,182,train
45,$0.006150,$0.000000,$0.003515,123,0,0,0,0.0,,$0.009665,,reception,call_ended,A,22209841,0,17,2,0,0,0.00,positive,224,0.105615568,397,test
44,$0.006150,$0.000000,$0.003492,123,0,0,0,0.0,,$0.009642,,reception,call_ended,A,22209841,0,18,2,0,0,0.00,positive,225,0.619479897,169,train
44,$0.006150,$0.000000,$0.003492,123,0,0,0,0.0,,$0.009642,,reception,call_ended,A,22209841,0,18,2,0,0,0.00,positive,226,0.133344227,384,test
84,$0.016700,$0.017532,$0.002150,334,"16,091",121,"8,009",16.8,,$0.036382,49.8%,reception,call_ended,A,22209841,1,20,2,0,0,0.00,positive,227,0.647208557,156,train
32,$0.001900,$0.000000,$0.003048,38,0,0,0,0.0,,$0.004948,,reception,call_ended,A,22209841,1,21,2,0,0,0.00,positive,228,0.161072886,371,test
32,$0.001900,$0.000000,$0.003048,38,0,0,0,0.0,,$0.004948,,reception,call_ended,A,22209841,1,21,2,0,0,0.00,positive,229,0.674937216,143,train
33,$0.001900,$0.000000,$0.003071,38,0,0,0,0.0,,$0.004971,,reception,call_ended,A,22209841,1,21,2,0,0,0.00,positive,230,0.188801545,358,test
65,$0.001900,$0.000000,$0.003830,38,0,0,0,0.0,,$0.005730,,reception,call_ended,A,22209841,1,21,2,0,0,0.00,positive,231,0.702665875,130,train
33,$0.001900,$0.000000,$0.003071,38,0,0,0,0.0,,$0.004971,,reception,call_ended,A,22209841,1,21,2,0,0,0.00,positive,232,0.216530204,345,validation
384,$0.104650,$0.712664,$0.045039,"2,093","356,483",939,"4,007",350.9,,$0.862353,1.1%,orders,call_ended,A,22209841,1,22,2,0,1,0.35,positive,233,0.730394534,117,train
233,$0.084700,$0.537633,$0.025558,"1,694","275,741",711,"10,019",199.2,,$0.647891,3.6%,orders,call_ended,A,22209841,1,22,2,0,1,0.35,positive,234,0.244258863,333,validation
137,$0.038450,$0.223077,$0.012532,769,"119,951",339,"10,019",97.7,,$0.274059,8.4%,orders,call_ended,A,22209841,1,3,3,0,1,0.30,positive,235,0.758123193,105,train
32,$0.001900,$0.000000,$0.003048,38,0,0,0,0.0,,$0.004948,,reception,call_ended,A,22209841,1,7,3,0,0,0.00,positive,236,0.271987522,321,validation
22,$0.001900,$0.000000,$0.002811,38,0,0,0,0.0,,$0.004711,,reception,call_ended,A,22209841,1,10,3,0,0,0.00,positive,237,0.785851852,93,train
35,$0.005150,$0.001624,$0.003715,103,660,38,0,0.0,,$0.010489,0.0%,reception,call_ended,A,22209841,0,12,3,0,0,0.00,positive,238,0.299716182,309,validation
34,$0.002850,$0.000564,$0.003135,57,230,13,0,0.0,,$0.006549,0.0%,reception,call_ended,A,22209841,0,12,3,0,0,0.00,positive,239,0.813580511,81,train
34,$0.002200,$0.000548,$0.003111,44,230,11,0,0.0,,$0.005859,0.0%,reception,call_ended,A,22209841,0,12,3,0,0,0.00,positive,240,0.327444841,297,validation
45,$0.006150,$0.000000,$0.003515,123,0,0,0,0.0,,$0.009665,,reception,call_ended,A,22209841,0,12,3,0,0,0.00,positive,241,0.84130917,69,train
34,$0.008650,$0.016008,$0.001694,173,"7,868",34,0,13.2,,$0.026352,0.0%,reception,call_ended,A,22209841,1,12,3,0,0,0.05,positive,242,0.3551735,285,validation
34,$0.002850,$0.000564,$0.003135,57,230,13,0,0.0,,$0.006549,0.0%,reception,call_ended,A,22209841,0,12,3,0,0,0.00,positive,243,0.869037829,57,train
34,$0.002850,$0.000564,$0.003135,57,230,13,0,0.0,,$0.006549,0.0%,reception,call_ended,A,22209841,0,12,3,0,0,0.00,positive,244,0.382902159,273,validation
34,$0.009100,$0.002484,$0.002252,182,"1,082",40,0,17.6,,$0.013836,0.0%,reception,call_ended,A,22209841,0,12,3,0,0,0.00,positive,245,0.896766488,45,train
262,$0.005200,$0.008040,$0.000391,104,"3,888",33,0,3.1,,$0.013631,0.0%,reception,transfer,A,22209841,1,4,4,0,0,0.00,positive,246,0.410630818,261,train
24,$0.003900,$0.007844,$0.000391,78,"3,886",9,0,3.1,,$0.012135,0.0%,reception,call_ended,A,22209841,1,4,4,0,0,0.05,positive,247,0.924495148,33,train
30,$0.004700,$0.007890,$0.001777,94,"3,877",17,0,13.9,,$0.014367,0.0%,reception,call_ended,A,22209841,1,5,4,0,0,0.00,positive,248,0.438359477,249,train
90,$0.011100,$0.072132,$0.004845,222,"37,490",132,"2,002",37.8,,$0.088077,5.3%,orders,call_ended,A,22209841,1,6,4,0,1,0.15,positive,249,0.952223807,21,train
61,$0.011050,$0.068310,$0.003343,221,"37,551",128,"4,008",26.1,,$0.082703,10.7%,orders,call_ended,A,22209841,1,7,4,0,1,0.20,positive,250,0.466088136,237,train
299,$0.089400,$0.671578,$0.031410,"1,788","334,742",751,"2,007",244.8,,$0.792388,0.6%,orders,call_ended,A,22209841,1,8,4,0,1,0.45,positive,251,0.979952466,9,train
192,$0.032750,$0.173366,$0.020784,655,"95,084",337,"9,999",161.9,,$0.226900,10.5%,orders,call_ended,A,22209841,1,8,4,0,1,0.15,positive,252,0.493816795,225,train
74,$0.021100,$0.163665,$0.006474,422,"86,698",249,"6,012",50.5,,$0.191239,6.9%,orders,call_ended,A,22209841,1,8,4,0,1,0.15,positive,253,0.007681125,441,test
242,$0.068200,$0.541430,$0.026148,"1,364","271,983",660,"4,008",203.8,,$0.635778,1.5%,orders,call_ended,A,22209841,1,8,4,0,1,0.35,positive,254,0.521545454,213,train
200,$0.069550,$0.457234,$0.021104,"1,391","231,568",725,"6,001",164.5,,$0.547888,2.6%,orders,call_ended,A,22209841,1,8,4,0,1,0.40,positive,255,0.035409784,429,test
227,$0.069750,$0.489698,$0.025288,"1,395","244,366",609,"2,003",197.0,,$0.584736,0.8%,orders,call_ended,A,22209841,1,10,4,0,1,0.45,positive,256,0.549274113,201,train
645,$0.282300,$0.854894,$0.077648,"5,646","573,698","2,026","158,313",605.1,,$1.214842,27.6%,orders,call_ended,A,22209841,1,14,4,0,1,0.22,positive,257,0.063138443,417,test
64,$0.025350,$0.072357,$0.004819,507,"50,823",242,"16,013",37.6,,$0.102526,31.5%,orders,call_ended,A,22209841,1,11,5,0,1,0.15,positive,258,0.577002773,189,train
63,$0.036500,$0.027707,$0.005640,730,"20,872",198,"8,011",44.0,,$0.069847,38.4%,reception,call_ended,A,22209841,1,11,5,0,0,-0.20,negative,259,0.090867102,404,test
45,$0.013300,$0.001418,$0.000847,266,"8,208",84,"8,036",6.6,,$0.015565,97.9%,reception,call_ended,A,22209841,1,11,5,0,0,0.00,positive,260,0.604731432,176,train
135,$0.058700,$0.318743,$0.013584,"1,174","169,100",499,"12,025",105.9,,$0.391027,7.1%,orders,call_ended,A,22209841,1,11,5,0,1,0.35,positive,261,0.118595761,391,test
15,$0.002000,$0.000000,$0.003351,40,0,0,0,0.0,,$0.005351,,reception,call_ended,A,22209841,1,12,5,0,0,0.15,positive,262,0.632460091,163,train
42,$0.013250,$0.018673,$0.003074,265,"16,772",94,"8,012",24.0,,$0.034997,47.8%,orders,call_ended,A,22209841,1,12,5,0,1,0.10,positive,263,0.14632442,378,test
40,$0.008100,$0.077066,$0.002855,162,"38,049",121,0,22.3,,$0.088021,0.0%,orders,call_ended,A,22209841,1,12,5,0,1,0.15,positive,264,0.66018875,150,train
88,$0.022050,$0.054694,$0.007886,441,"40,470",161,"14,120",61.5,,$0.084630,34.9%,orders,call_ended,A,22209841,1,7,0,1,1,0.25,positive,265,0.174053079,365,test
27,$0.002000,$0.000000,$0.002933,40,0,0,0,0.0,,$0.004933,,reception,call_ended,A,22209841,1,7,0,1,0,0.00,positive,266,0.687917409,137,train
28,$0.002000,$0.000000,$0.002957,40,0,0,0,0.0,,$0.004957,,reception,call_ended,A,22209841,1,7,0,1,0,0.00,positive,267,0.201781739,352,validation
109,$0.024200,$0.114946,$0.010902,484,"60,747",166,"4,039",85.0,,$0.150048,6.6%,orders,call_ended,A,22209841,1,7,0,1,1,0.05,positive,268,0.715646068,124,train
61,$0.002000,$0.012596,$0.002162,40,"6,054",61,0,16.9,,$0.016758,0.0%,reception,call_ended,A,22209841,1,12,0,1,0,0.00,positive,269,0.229510398,339,validation
72,$0.002000,$0.017102,$0.003767,40,"12,114",94,"4,040",29.4,,$0.022869,33.3%,reception,call_ended,A,22209841,1,12,0,1,0,0.03,positive,270,0.743374727,111,train
79,$0.002000,$0.012150,$0.000841,40,"6,011",16,0,6.5,,$0.014991,0.0%,reception,call_ended,A,22209841,1,13,0,1,0,0.00,positive,271,0.257239057,327,validation
34,$0.002000,$0.000000,$0.003099,40,0,0,0,0.0,,$0.005099,,reception,call_ended,A,22209841,1,13,0,1,0,0.00,positive,272,0.771103386,99,train
84,$0.014600,$0.026345,$0.005666,292,"18,282",198,"6,053",44.2,,$0.046611,33.1%,reception,call_ended,A,22209841,1,13,0,1,0,0.02,positive,273,0.284967716,315,validation
121,$0.002000,$0.018119,$0.008541,40,"18,260",160,"10,093",66.5,,$0.028660,55.3%,reception,call_ended,A,22209841,1,13,0,1,0,-0.45,negative,274,0.798832045,87,train
54,$0.010650,$0.017078,$0.002265,213,"12,106",93,"4,040",17.7,,$0.029993,33.4%,reception,call_ended,A,22209841,1,13,0,1,0,0.05,positive,275,0.312696375,303,validation
158,$0.052700,$0.054549,$0.017203,"1,054","95,742",241,"71,212",134.1,,$0.124452,74.4%,orders,call_ended,A,22209841,1,9,1,0,1,0.05,positive,276,0.826560705,75,train
65,$0.029600,$0.044927,$0.004729,592,"45,687",138,"24,385",36.9,,$0.079256,53.4%,orders,call_ended,A,22209841,1,9,1,0,1,0.05,positive,277,0.340425034,291,validation
77,$0.044700,$0.013707,$0.007193,894,"45,744",196,"40,692",56.1,,$0.065600,89.0%,orders,call_ended,A,22209841,1,9,1,0,1,0.05,positive,278,0.854289364,63,train
82,$0.034950,$0.050262,$0.006885,699,"95,678",214,"73,234",53.7,,$0.092097,76.5%,orders,call_ended,A,22209841,1,9,1,0,1,0.12,positive,279,0.368153693,279,validation
345,$0.108200,$0.156017,$0.040521,"2,164","424,103",931,"358,788",315.8,,$0.304738,84.6%,orders,call_ended,A,22209841,1,7,2,0,1,0.35,positive,280,0.882018023,51,train
280,$0.110550,$0.120657,$0.030832,"2,211","353,817",802,"304,304",240.3,,$0.262039,86.0%,orders,call_ended,A,22209841,1,8,2,0,1,0.35,positive,281,0.395882352,267,validation
287,$0.121750,$0.131469,$0.032757,"2,435","427,803",903,"375,057",255.3,,$0.285976,87.7%,orders,call_ended,A,22209841,1,8,2,0,1,0.45,positive,282,0.909746682,39,train
272,$0.060450,$0.114856,$0.023806,"1,209","151,403",606,"98,871",185.5,,$0.199112,65.3%,orders,call_ended,A,22209841,1,8,2,0,1,-0.18,negative,283,0.423611011,255,train
130,$0.047000,$0.083494,$0.012480,940,"75,192",461,"36,194",97.3,,$0.142974,48.1%,orders,call_ended,A,22209841,1,8,2,0,1,0.05,positive,284,0.937475341,27,train
134,$0.052250,$0.081400,$0.011364,"1,045","129,918",473,"93,446",88.6,,$0.145014,71.9%,orders,call_ended,A,22209841,1,9,2,0,1,0.10,positive,285,0.45133967,243,train
294,$0.106750,$0.122410,$0.032366,"2,135","300,281",875,"248,796",252.2,,$0.261526,82.9%,orders,call_ended,A,22209841,1,9,2,0,1,0.22,positive,286,0.965204,15,train
169,$0.044150,$0.079082,$0.015098,883,"186,633",395,"152,484",117.7,,$0.138330,81.7%,orders,call_ended,A,22209841,1,9,2,0,1,0.12,positive,287,0.47906833,231,train
189,$0.075350,$0.093098,$0.019552,"1,507","272,047",557,"233,565",152.4,,$0.188000,85.9%,orders,call_ended,A,22209841,1,10,2,0,1,0.25,positive,288,0.992932659,3,train
77,$0.009050,$0.052988,$0.004934,181,"63,544",155,"38,636",38.5,,$0.066972,60.8%,orders,call_ended,A,22209841,1,11,2,0,1,0.05,positive,289,0.506796989,219,train
235,$0.091450,$0.108575,$0.026417,"1,829","344,383",692,"300,373",205.9,,$0.226442,87.2%,orders,call_ended,A,22209841,1,11,2,0,1,0.35,positive,290,0.020661318,435,test
302,$0.062800,$0.125394,$0.032167,"1,256","255,034",743,"200,317",250.7,,$0.220361,78.5%,orders,call_ended,A,22209841,1,11,2,0,1,0.30,positive,291,0.534525648,207,train
225,$0.007150,$0.085976,$0.023440,143,"207,609",466,"170,754",182.6,,$0.116566,82.2%,orders,call_ended,A,22209841,1,6,4,0,1,0.25,positive,292,0.048389977,423,test
165,$0.002000,$0.132629,$0.016613,40,"260,574",472,"201,177",129.5,,$0.151242,77.2%,orders,call_ended,A,22209841,1,6,4,0,1,0.35,positive,293,0.562254307,195,train
198,$0.006200,$0.093902,$0.021040,124,"225,498",447,"184,959",163.9,,$0.121142,82.0%,orders,call_ended,A,22209841,1,7,4,0,1,0.30,positive,294,0.076118636,411,test
191,$0.002000,$0.081657,$0.020899,40,"171,838",459,"136,252",162.8,,$0.104556,79.3%,orders,call_ended,A,22209841,1,7,4,0,1,0.05,positive,295,0.589982966,183,train
242,$0.008050,$0.133890,$0.026982,161,"307,393",700,"249,485",210.3,,$0.168922,81.2%,orders,call_ended,A,22209841,1,10,4,0,1,0.40,positive,296,0.103847296,398,test
232,$0.002000,$0.078839,$0.024788,40,"217,599",526,"184,906",193.2,,$0.105627,85.0%,orders,call_ended,A,22209841,1,11,4,0,1,0.35,positive,297,0.617711625,170,train
150,$0.002000,$0.089534,$0.015714,40,"201,539",448,"162,630",122.5,,$0.107248,80.7%,orders,call_ended,A,22209841,1,12,4,0,1,0.15,positive,298,0.131575955,385,test
236,$0.002000,$0.094699,$0.026251,40,"256,625",667,"217,378",204.6,,$0.122950,84.7%,orders,call_ended,A,22209841,1,12,4,0,1,0.35,positive,299,0.645440284,157,train
195,$0.084600,$0.098868,$0.022542,"1,692","249,225",526,"207,072",175.7,,$0.206010,83.1%,orders,call_ended,A,22209841,1,22,5,0,1,0.32,positive,300,0.159304614,372,test
8,$0.002000,$0.000000,$0.002750,40,0,0,0,0.0,,$0.004750,,reception,call_ended,A,22209841,1,22,5,0,0,0.00,positive,301,0.673168943,144,train
10,$0.002000,$0.000000,$0.003212,40,0,0,0,0.0,,$0.005212,,reception,call_ended,A,22209841,1,22,5,0,0,0.00,positive,302,0.187033273,359,test
28,$0.011800,$0.014387,$0.001200,236,"12,899",51,"6,061",9.3,,$0.027387,47.0%,reception,call_ended,A,22209841,1,22,5,0,0,0.00,positive,303,0.700897602,131,train
17,$0.003900,$0.009017,$0.000250,78,"6,444",9,"2,022",2.0,,$0.013167,31.4%,reception,call_ended,A,22209841,1,22,5,0,0,0.00,positive,304,0.214761932,346,validation
24,$0.008000,$0.011805,$0.001200,160,"19,453",58,"14,136",9.3,,$0.021005,72.7%,orders,call_ended,A,22209841,1,22,5,0,1,0.05,positive,305,0.728626261,118,train
17,$0.003900,$0.009019,$0.000327,78,"6,445",9,"2,022",2.6,,$0.013246,31.4%,reception,call_ended,A,22209841,1,23,5,0,0,0.05,positive,306,0.242490591,334,validation
52,$0.021400,$0.063355,$0.004922,428,"76,494",171,"46,667",38.4,,$0.089677,61.0%,orders,call_ended,A,22209841,1,23,5,0,1,0.20,positive,307,0.756354921,106,train
9,$0.002000,$0.000000,$0.002750,40,0,0,0,0.0,,$0.004750,,reception,call_ended,A,22209841,1,3,6,1,0,0.00,positive,308,0.27021925,322,validation
30,$0.012400,$0.014401,$0.001238,248,"12,906",51,"6,061",9.6,,$0.028039,47.0%,reception,call_ended,A,22209841,1,3,6,1,0,0.05,positive,309,0.78408358,94,train
13,$0.002000,$0.000000,$0.002750,40,0,0,0,0.0,,$0.004750,,reception,call_ended,A,22209841,1,3,6,1,0,0.00,positive,310,0.297947909,310,validation
33,$0.011750,$0.011981,$0.001944,235,"19,421",88,"14,136",15.2,,$0.025675,72.8%,orders,call_ended,A,22209841,1,4,6,1,1,0.05,positive,311,0.811812239,82,train
21,$0.002000,$0.000000,$0.002791,40,0,0,0,0.0,,$0.004791,,reception,call_ended,A,22209841,1,1,0,1,0,0.00,positive,312,0.325676568,298,validation
53,$0.001900,$0.000000,$0.003545,38,0,0,0,0.0,,$0.005445,,reception,call_ended,A,22209841,1,12,2,0,0,0.00,positive,313,0.839540898,70,train
52,$0.005050,$0.007926,$0.001020,101,"3,883",20,0,7.9,,$0.013996,0.0%,reception,call_ended,A,22209841,1,12,2,0,0,0.00,positive,314,0.353405227,286,validation
44,$0.006150,$0.000000,$0.003492,123,0,0,0,0.0,,$0.009642,,reception,call_ended,A,22209841,0,12,2,0,0,0.00,positive,315,0.867269557,58,train
35,$0.002400,$0.000624,$0.003142,48,240,18,0,0.0,,$0.006166,0.0%,reception,call_ended,A,22209841,0,12,2,0,0,0.00,positive,316,0.381133887,274,validation
52,$0.001900,$0.000000,$0.003522,38,0,0,0,0.0,,$0.005422,,reception,call_ended,A,22209841,1,12,2,0,0,0.00,positive,317,0.894998216,46,train
44,$0.006150,$0.000000,$0.003492,123,0,0,0,0.0,,$0.009642,,reception,call_ended,A,22209841,0,13,2,0,0,0.00,positive,318,0.408862546,262,train
43,$0.006150,$0.000000,$0.003468,123,0,0,0,0.0,,$0.009618,,reception,call_ended,A,22209841,0,13,2,0,0,0.00,positive,319,0.922726875,34,train
45,$0.006150,$0.000000,$0.003515,123,0,0,0,0.0,,$0.009665,,reception,call_ended,A,22209841,0,13,2,0,0,0.00,positive,320,0.436591205,250,train
43,$0.006150,$0.000000,$0.003468,123,0,0,0,0.0,,$0.009618,,reception,call_ended,A,22209841,0,13,2,0,0,0.00,positive,321,0.950455534,22,train
45,$0.006150,$0.000000,$0.003515,123,0,0,0,0.0,,$0.009665,,reception,call_ended,A,22209841,0,13,2,0,0,0.00,positive,322,0.464319864,238,train
35,$0.002350,$0.000632,$0.003141,47,240,19,0,0.0,,$0.006123,0.0%,reception,call_ended,A,22209841,0,13,2,0,0,0.00,positive,323,0.978184193,10,train
35,$0.002350,$0.000632,$0.003141,47,240,19,0,0.0,,$0.006123,0.0%,reception,call_ended,A,22209841,0,13,2,0,0,0.00,positive,324,0.492048523,226,train
34,$0.002850,$0.000564,$0.003135,57,230,13,0,0.0,,$0.006549,0.0%,reception,call_ended,A,22209841,0,13,2,0,0,0.00,positive,325,0.005912852,442,test
35,$0.008750,$0.011984,$0.001290,175,"7,804",36,"2,006",10.1,,$0.022024,25.7%,reception,call_ended,A,22209841,1,13,2,0,0,0.05,positive,326,0.519777182,214,train
45,$0.006150,$0.000000,$0.003515,123,0,0,0,0.0,,$0.009665,,reception,call_ended,A,22209841,0,13,2,0,0,0.00,positive,327,0.033641512,430,test
46,$0.006150,$0.000000,$0.003539,123,0,0,0,0.0,,$0.009689,,reception,call_ended,A,22209841,0,13,2,0,0,0.00,positive,328,0.547505841,202,train
35,$0.002450,$0.000632,$0.003144,49,240,19,0,0.0,,$0.006226,0.0%,reception,call_ended,A,22209841,0,13,2,0,0,0.00,positive,329,0.061370171,418,test
35,$0.002450,$0.000632,$0.003144,49,240,19,0,0.0,,$0.006226,0.0%,reception,call_ended,A,22209841,0,13,2,0,0,0.00,positive,330,0.5752345,190,train
45,$0.006150,$0.000000,$0.003515,123,0,0,0,0.0,,$0.009665,,reception,call_ended,A,22209841,0,13,2,0,0,0.00,positive,331,0.08909883,405,test
47,$0.006150,$0.000000,$0.003563,123,0,0,0,0.0,,$0.009713,,reception,call_ended,A,22209841,0,13,2,0,0,0.00,positive,332,0.602963159,177,train
53,$0.001900,$0.000000,$0.003545,38,0,0,0,0.0,,$0.005445,,reception,call_ended,A,22209841,1,14,2,0,0,0.00,positive,333,0.116827489,392,test
52,$0.001900,$0.000000,$0.003522,38,0,0,0,0.0,,$0.005422,,reception,call_ended,A,22209841,1,14,2,0,0,0.00,positive,334,0.630691818,164,train
34,$0.009650,$0.011984,$0.001925,193,"7,788",40,"2,006",15.0,,$0.023559,25.8%,reception,call_ended,A,22209841,1,14,2,0,0,0.05,positive,335,0.144556148,379,test
34,$0.014950,$0.021176,$0.002817,299,"19,884",113,"9,998",22.0,,$0.038943,50.3%,orders,call_ended,A,22209841,1,15,2,0,1,0.15,positive,336,0.658420478,151,train
35,$0.013200,$0.016169,$0.002560,264,"11,754",60,"4,010",20.0,,$0.031929,34.1%,reception,call_ended,A,22209841,1,10,3,0,0,0.20,positive,337,0.172284807,366,test
52,$0.001900,$0.000000,$0.003522,38,0,0,0,0.0,,$0.005422,,reception,call_ended,A,22209841,1,11,3,0,0,0.00,positive,338,0.686149137,138,train
35,$0.008850,$0.045778,$0.003080,177,"26,481",79,"4,008",24.0,,$0.057708,15.1%,orders,call_ended,A,22209841,1,13,3,0,1,0.05,positive,339,0.200013466,353,validation
53,$0.001900,$0.000000,$0.003545,38,0,0,0,0.0,,$0.005445,,reception,call_ended,A,22209841,1,22,3,0,0,0.00,positive,340,0.713877796,125,train
47,$0.006150,$0.000000,$0.003563,123,0,0,0,0.0,,$0.009713,,reception,call_ended,A,22209841,0,12,4,0,0,0.00,positive,341,0.227742125,340,validation
44,$0.006150,$0.000000,$0.003492,123,0,0,0,0.0,,$0.009642,,reception,call_ended,A,22209841,0,12,4,0,0,0.00,positive,342,0.741606455,112,train
44,$0.006150,$0.000000,$0.003492,123,0,0,0,0.0,,$0.009642,,reception,call_ended,A,22209841,0,12,4,0,0,0.00,positive,343,0.255470784,328,validation
34,$0.002850,$0.000564,$0.003135,57,230,13,0,0.0,,$0.006549,0.0%,reception,call_ended,A,22209841,0,12,4,0,0,0.00,positive,344,0.769335114,100,train
45,$0.006150,$0.000000,$0.003515,123,0,0,0,0.0,,$0.009665,,reception,call_ended,A,22209841,0,12,4,0,0,0.00,positive,345,0.283199443,316,validation
35,$0.008850,$0.003778,$0.005257,177,"1,561",82,0,0.0,,$0.017885,0.0%,reception,call_ended,A,22209841,0,12,4,0,0,-0.05,negative,346,0.797063773,88,train
53,$0.001900,$0.000000,$0.003545,38,0,0,0,0.0,,$0.005445,,reception,call_ended,A,22209841,1,13,4,0,0,0.00,positive,347,0.310928103,304,validation
35,$0.002750,$0.001630,$0.003625,55,659,39,0,0.0,,$0.008005,0.0%,reception,call_ended,A,22209841,0,13,4,0,0,0.05,positive,348,0.824792432,76,train
33,$0.004700,$0.000768,$0.004106,94,280,26,0,0.0,,$0.009574,0.0%,reception,call_ended,A,22209841,0,13,4,0,0,0.00,positive,349,0.338656762,292,validation
35,$0.008950,$0.016210,$0.003086,179,"11,754",65,"4,009",24.1,,$0.028246,34.1%,reception,call_ended,A,22209841,1,13,4,0,0,0.12,positive,350,0.852521091,64,train
53,$0.001900,$0.000000,$0.003545,38,0,0,0,0.0,,$0.005445,,reception,call_ended,A,22209841,1,15,4,0,0,0.00,positive,351,0.366385421,280,validation
43,$0.006150,$0.000000,$0.003468,123,0,0,0,0.0,,$0.009618,,reception,call_ended,A,22209841,0,17,4,0,0,0.00,positive,352,0.88024975,52,train
35,$0.002450,$0.000632,$0.003144,49,240,19,0,0.0,,$0.006226,0.0%,reception,call_ended,A,22209841,0,17,4,0,0,0.00,positive,353,0.39411408,268,validation
33,$0.004400,$0.001446,$0.000346,88,635,22,0,2.7,,$0.006192,0.0%,reception,call_ended,A,22209841,0,18,4,0,0,0.00,positive,354,0.907978409,40,train
35,$0.004250,$0.002676,$0.004152,85,"1,126",53,0,0.0,,$0.011078,0.0%,reception,staff_left,A,22209841,0,18,4,0,0,-0.05,negative,355,0.421842739,256,train
44,$0.006150,$0.000000,$0.003492,123,0,0,0,0.0,,$0.009642,,reception,call_ended,A,22209841,0,18,4,0,0,0.00,positive,356,0.935707069,28,train
45,$0.006150,$0.000000,$0.003515,123,0,0,0,0.0,,$0.009665,,reception,call_ended,A,22209841,0,18,4,0,0,0.00,positive,357,0.449571398,244,train
45,$0.006150,$0.000000,$0.003515,123,0,0,0,0.0,,$0.009665,,reception,call_ended,A,22209841,0,18,4,0,0,0.00,positive,358,0.963435728,16,train
35,$0.002500,$0.000624,$0.003146,50,240,18,0,0.0,,$0.006270,0.0%,reception,call_ended,A,22209841,0,18,4,0,0,0.00,positive,359,0.477300057,232,train
35,$0.011750,$0.023716,$0.003035,235,"15,370",99,"4,008",23.7,,$0.038501,26.1%,reservations,call_ended,A,22209841,1,12,5,0,0,0.00,positive,360,0.991164387,4,train
53,$0.001900,$0.000000,$0.003545,38,0,0,0,0.0,,$0.005445,,reception,call_ended,A,22209841,1,14,6,1,0,0.00,positive,361,0.505028716,220,train
52,$0.001900,$0.000000,$0.003522,38,0,0,0,0.0,,$0.005422,,reception,call_ended,A,22209841,1,14,6,1,0,0.00,positive,362,0.018893046,436,test
35,$0.023250,$0.012642,$0.002220,465,"7,850",107,"2,007",17.3,,$0.038112,25.6%,reception,call_ended,A,22209841,1,11,0,1,0,0.00,positive,363,0.532757375,208,train
34,$0.010050,$0.016115,$0.003163,201,"11,767",50,"4,010",24.7,,$0.029328,34.1%,reception,call_ended,A,22209841,1,15,0,1,0,0.05,positive,364,0.046621705,424,test
34,$0.001900,$0.000000,$0.003095,38,0,0,0,0.0,,$0.004995,,reception,call_ended,A,22209841,1,22,0,1,0,0.00,positive,365,0.560486034,196,train
52,$0.001900,$0.000000,$0.003522,38,0,0,0,0.0,,$0.005422,,reception,call_ended,A,22209841,1,23,0,1,0,0.00,positive,366,0.074350364,412,test
45,$0.006150,$0.000000,$0.003515,123,0,0,0,0.0,,$0.009665,,reception,call_ended,A,22209841,0,7,1,0,0,0.00,positive,367,0.588214694,184,train
44,$0.006150,$0.000000,$0.003492,123,0,0,0,0.0,,$0.009642,,reception,call_ended,A,22209841,0,7,1,0,0,0.00,positive,368,0.102079023,399,test
35,$0.005900,$0.007830,$0.001392,118,"3,839",19,0,10.9,,$0.015122,0.0%,reception,call_ended,A,22209841,1,13,1,0,0,0.00,positive,369,0.615943353,171,train
34,$0.001850,$0.000000,$0.003093,37,0,0,0,0.0,,$0.004943,,reception,call_ended,A,22209841,1,13,1,0,0,0.00,positive,370,0.129807682,386,test
35,$0.002350,$0.000632,$0.003141,47,240,19,0,0.0,,$0.006123,0.0%,reception,call_ended,A,22209841,0,13,1,0,0,0.00,positive,371,0.643672012,158,train
52,$0.001900,$0.000000,$0.003522,38,0,0,0,0.0,,$0.005422,,reception,call_ended,A,22209841,1,16,1,0,0,0.00,positive,372,0.157536341,373,test
46,$0.006150,$0.000000,$0.003539,123,0,0,0,0.0,,$0.009689,,reception,call_ended,A,22209841,0,8,2,0,0,0.00,positive,373,0.671400671,145,train
316,$0.092250,$0.049818,$0.026052,"1,845","21,729",795,0,0.0,,$0.168120,0.0%,reception,call_ended,A,22209841,0,8,2,0,0,-0.35,negative,374,0.185265,360,test
285,$0.073950,$0.063972,$0.026153,"1,479","29,186",700,0,0.0,,$0.164075,0.0%,reception,call_ended,A,22209841,1,8,2,0,0,-0.25,negative,375,0.69912933,132,train
172,$0.061050,$0.048457,$0.017608,"1,221","62,638",642,"42,028",0.0,,$0.127115,67.1%,reception,call_ended,A,22209841,1,8,2,0,0,0.35,positive,376,0.21299366,347,validation
53,$0.001800,$0.000000,$0.003542,36,0,0,0,0.0,,$0.005342,,reception,call_ended,A,22209841,1,8,2,0,0,0.00,positive,377,0.726857989,119,train
128,$0.042750,$0.029376,$0.011696,855,"36,543",384,"23,991",0.0,,$0.083822,65.7%,reception,call_ended,A,22209841,1,8,2,0,0,0.35,positive,378,0.240722319,335,validation
44,$0.006150,$0.000000,$0.003492,123,0,0,0,0.0,,$0.009642,,reception,call_ended,A,22209841,0,10,2,0,0,0.00,positive,379,0.754586648,107,train
53,$0.001850,$0.000000,$0.003544,37,0,0,0,0.0,,$0.005394,,reception,call_ended,A,22209841,1,10,2,0,0,0.00,positive,380,0.268450978,323,validation
45,$0.006150,$0.000000,$0.003515,123,0,0,0,0.0,,$0.009665,,reception,call_ended,A,22209841,0,10,2,0,0,0.00,positive,381,0.782315307,95,train
45,$0.006150,$0.000000,$0.003515,123,0,0,0,0.0,,$0.009665,,reception,call_ended,A,22209841,0,10,2,0,0,0.00,positive,382,0.296179637,311,validation
45,$0.006150,$0.000000,$0.003515,123,0,0,0,0.0,,$0.009665,,reception,call_ended,A,22209841,0,10,2,0,0,0.00,positive,383,0.810043966,83,train
44,$0.006150,$0.000000,$0.003492,123,0,0,0,0.0,,$0.009642,,reception,call_ended,A,22209841,0,10,2,0,0,0.00,positive,384,0.323908296,299,validation
78,$0.002400,$0.000624,$0.004162,48,240,18,0,0.0,,$0.007186,0.0%,reception,call_ended,A,22209841,0,10,2,0,0,0.00,positive,385,0.837772625,71,train
38,$0.004800,$0.007816,$0.000879,96,"3,840",17,0,6.8,,$0.013495,0.0%,reception,call_ended,A,22209841,1,10,2,0,0,0.00,positive,386,0.351636955,287,validation
108,$0.043500,$0.060069,$0.011633,870,"50,153",316,"21,931",90.7,,$0.115202,43.7%,reservations,call_ended,A,22209841,1,10,2,0,0,0.18,positive,387,0.865501285,59,train
678,$0.308100,$0.947275,$0.082550,"6,162","737,721","2,066","279,331",643.3,,$1.337925,37.9%,orders,call_ended,A,22209841,1,12,2,0,1,0.35,positive,388,0.379365614,275,validation
15,$0.003650,$0.007982,$0.000340,73,"3,951",10,0,2.7,,$0.011972,0.0%,reception,call_ended,A,22209841,1,11,3,0,0,0.00,positive,389,0.893229944,47,train
123,$0.042150,$0.319159,$0.013732,843,"173,410",447,"16,019",107.0,,$0.375041,9.2%,orders,call_ended,A,22209841,1,11,3,0,1,0.02,positive,390,0.407094273,263,train
9,$0.001900,$0.000000,$0.002746,38,0,0,0,0.0,,$0.004646,,reception,call_ended,A,22209841,1,11,3,0,0,0.00,positive,391,0.920958603,35,train
83,$0.040250,$0.061911,$0.008727,805,"59,276",295,"30,257",68.0,,$0.110888,51.0%,reservations,call_ended,A,22209841,1,11,3,0,0,0.45,positive,392,0.434822932,251,train
284,$0.132250,$0.121653,$0.032340,"2,645","381,592",785,"332,211",252.0,,$0.286243,87.1%,orders,call_ended,A,22209841,1,12,3,0,1,0.35,positive,393,0.948687262,23,train
67,$0.005150,$0.026995,$0.005955,103,"19,202",51,"6,060",46.4,,$0.038100,31.6%,reception,call_ended,A,22209841,1,13,3,0,0,0.12,positive,394,0.462551591,239,train
240,$0.074500,$0.118986,$0.029279,"1,490","236,633",674,"184,447",228.2,,$0.222765,77.9%,orders,call_ended,A,22209841,1,13,3,0,1,0.21,positive,395,0.976415921,11,train
272,$0.050800,$0.142454,$0.033450,"1,016","229,339",544,"164,398",260.7,,$0.226704,71.7%,orders,call_ended,A,22209841,1,14,3,0,1,0.25,positive,396,0.490280251,227,train
33,$0.001950,$0.013002,$0.000918,39,"6,381",30,0,7.1,,$0.015870,0.0%,reception,call_ended,A,22209841,1,15,3,0,0,0.00,positive,397,0.00414458,443,test
49,$0.011200,$0.010416,$0.004793,224,"12,847",61,"8,085",37.4,,$0.026409,62.9%,reception,call_ended,A,22209841,1,15,3,0,0,0.15,positive,398,0.51800891,215,train
432,$0.102100,$0.186334,$0.053791,"2,042","399,829",946,"318,406",419.1,,$0.342225,79.6%,orders,call_ended,A,22209841,1,15,3,0,1,0.25,positive,399,0.031873239,431,test
53,$0.001900,$0.000000,$0.003545,38,0,0,0,0.0,,$0.005445,,reception,call_ended,A,22209841,1,15,3,0,0,0.00,positive,400,0.545737569,203,train
53,$0.001900,$0.000000,$0.003545,38,0,0,0,0.0,,$0.005445,,reception,call_ended,A,22209841,1,15,3,0,0,0.00,positive,401,0.059601898,419,test
53,$0.001900,$0.000000,$0.003545,38,0,0,0,0.0,,$0.005445,,reception,call_ended,A,22209841,1,15,3,0,0,0.00,positive,402,0.573466228,191,train
74,$0.014050,$0.016790,$0.006417,281,"25,859",61,"18,162",50.0,,$0.037257,70.2%,reception,call_ended,A,22209841,1,15,3,0,0,0.20,positive,403,0.087330557,406,test
10,$0.001900,$0.000000,$0.002746,38,0,0,0,0.0,,$0.004646,,reception,call_ended,A,22209841,1,15,3,0,0,0.00,positive,404,0.601194887,178,train
164,$0.042300,$0.085023,$0.018801,846,"97,569",454,"58,332",146.5,,$0.146124,59.8%,reservations,call_ended,A,22209841,1,16,3,0,0,0.35,positive,405,0.115059217,393,test
48,$0.005950,$0.000000,$0.001193,119,0,0,0,9.3,,$0.007143,,reception,call_ended,A,22209841,0,16,3,0,0,0.00,positive,406,0.628923546,165,train
48,$0.005950,$0.000000,$0.003579,119,0,0,0,0.0,,$0.009529,,reception,call_ended,A,22209841,0,16,3,0,0,0.00,positive,407,0.142787876,380,test
48,$0.005950,$0.000000,$0.001450,119,0,0,0,11.3,,$0.007400,,reception,call_ended,A,22209841,0,16,3,0,0,0.00,positive,408,0.656652205,152,train
48,$0.005950,$0.000000,$0.001033,119,0,0,0,8.0,,$0.006983,,reception,call_ended,A,22209841,0,16,3,0,0,0.00,positive,409,0.170516535,367,test
41,$0.007250,$0.002406,$0.002926,145,"1,063",35,0,22.8,,$0.012582,0.0%,reception,call_ended,A,22209841,0,16,3,0,0,0.00,positive,410,0.684380864,139,train
62,$0.014400,$0.060484,$0.005884,288,"63,070",189,"34,445",45.9,,$0.080768,54.6%,orders,call_ended,A,22209841,1,16,3,0,1,0.05,positive,411,0.198245194,354,validation
32,$0.007550,$0.002492,$0.002156,151,"1,098",37,0,16.8,,$0.012198,0.0%,reception,call_ended,A,22209841,0,16,3,0,0,0.00,positive,412,0.712109523,126,train
77,$0.018000,$0.016809,$0.005794,360,"9,808",142,"2,022",45.1,,$0.040603,20.6%,reception,call_ended,A,22209841,1,16,3,0,0,0.15,positive,413,0.225973853,341,validation
554,$0.262250,$0.426871,$0.065052,"5,245","751,621","2,600","562,652",506.9,,$0.754173,74.9%,orders,call_ended,A,22209841,1,17,3,0,1,0.12,positive,414,0.739838182,113,train
133,$0.030350,$0.072841,$0.012898,607,"64,725",291,"30,224",100.5,,$0.116089,46.7%,reservations,call_ended,A,22209841,1,18,3,0,0,0.35,positive,415,0.253702512,329,validation
223,$0.058600,$0.177489,$0.025962,"1,172","296,379",776,"216,142",202.3,,$0.262051,72.9%,orders,call_ended,A,22209841,1,0,4,0,1,0.32,positive,416,0.767566842,101,train
36,$0.005150,$0.009093,$0.003253,103,"6,426",23,"2,022",25.4,,$0.017496,31.5%,reception,call_ended,A,22209841,1,0,4,0,0,0.05,positive,417,0.281431171,317,validation
180,$0.061700,$0.129413,$0.018839,"1,234","271,962",558,"214,859",146.8,,$0.209952,79.0%,orders,call_ended,A,22209841,1,0,4,0,1,0.30,positive,418,0.795295501,89,train
37,$0.001250,$0.000000,$0.003142,25,0,0,0,0.0,,$0.004392,,reception,call_ended,A,22209841,1,0,4,0,0,0.00,positive,419,0.30915983,305,validation
27,$0.006800,$0.013224,$0.001822,136,"6,476",34,0,14.2,,$0.021846,0.0%,reception,call_ended,A,22209841,1,15,4,0,0,0.05,positive,420,0.82302416,77,train
267,$0.093850,$0.097074,$0.031256,"1,877","140,071","1,062","98,238",243.6,,$0.222180,70.1%,reception,call_ended,A,22209841,1,19,4,0,0,0.05,positive,421,0.336888489,293,validation
230,$0.027600,$0.058442,$0.000327,552,"57,746",229,"30,196",2.6,,$0.086369,52.3%,reservations,call_ended,A,22209841,1,21,4,0,0,0.05,positive,422,0.850752819,65,train
99,$0.038650,$0.042028,$0.010949,773,"59,071",292,"40,231",0.0,,$0.091627,68.1%,reception,call_ended,A,22209841,1,21,4,0,0,0.15,positive,423,0.364617148,281,validation
114,$0.025200,$0.084467,$0.009735,504,"58,973",237,"18,141",0.0,,$0.119402,30.8%,orders,call_ended,A,22209841,1,23,4,0,1,0.05,positive,424,0.878481478,53,train
189,$0.084150,$0.133459,$0.017242,"1,683","293,445",668,"235,269",134.4,,$0.234851,80.2%,orders,call_ended,A,22209841,1,0,5,0,1,0.28,positive,425,0.392345808,269,validation
8,$0.002000,$0.000000,$0.002750,40,0,0,0,0.0,,$0.004750,,reception,call_ended,A,22209841,1,0,5,0,0,0.00,positive,426,0.906210137,41,train
179,$0.072800,$0.148383,$0.014765,"1,456","228,275",552,"160,299",115.1,,$0.235948,70.2%,orders,call_ended,A,22209841,1,0,5,0,1,0.20,positive,427,0.420074467,257,train
165,$0.072650,$0.066403,$0.014656,"1,453","52,976",406,"21,947",114.2,,$0.153709,41.4%,orders,call_ended,A,22209841,0,1,5,0,1,0.22,positive,428,0.933938796,29,train
224,$0.090750,$0.140932,$0.024518,"1,815","222,049",927,"159,273",191.1,,$0.256200,71.7%,orders,call_ended,A,22209841,1,1,5,0,1,0.35,positive,429,0.447803126,245,train
64,$0.001600,$0.000000,$0.002618,32,0,0,0,20.4,,$0.004218,,reception,call_ended,A,22209841,0,3,5,0,0,0.00,positive,430,0.961667455,17,train
23,$0.002000,$0.000000,$0.000199,40,0,0,0,1.6,,$0.002199,,reception,call_ended,A,22209841,1,3,5,0,0,0.00,positive,431,0.475531785,233,train
98,$0.027650,$0.083687,$0.008842,553,"100,185",269,"60,941",68.9,,$0.120179,60.8%,orders,call_ended,A,22209841,1,3,5,0,1,0.05,positive,432,0.989396114,5,train
82,$0.017550,$0.070829,$0.003234,351,"93,816",255,"60,945",25.2,,$0.091613,65.0%,orders,call_ended,A,22209841,1,4,5,0,1,0.05,positive,433,0.503260444,221,train
79,$0.037850,$0.075219,$0.007058,757,"139,451",306,"105,708",55.0,,$0.120127,75.8%,orders,call_ended,A,22209841,1,4,5,0,1,0.35,positive,434,0.017124773,437,test
70,$0.027750,$0.050666,$0.004761,555,"49,918",249,"26,237",37.1,,$0.083177,52.6%,reservations,call_ended,A,22209841,1,4,5,0,0,0.25,positive,435,0.530989103,209,train
51,$0.017100,$0.063742,$0.003927,342,"70,820",169,"40,641",30.6,,$0.084769,57.4%,orders,call_ended,A,22209841,1,4,5,0,1,0.05,positive,436,0.044853433,425,test
199,$0.058550,$0.081333,$0.021092,"1,171","98,183",651,"61,662",164.4,,$0.160975,62.8%,orders,call_ended,A,22209841,0,4,5,0,1,-0.20,negative,437,0.558717762,197,train
195,$0.099200,$0.157400,$0.020469,"1,984","257,165",865,"186,590",159.5,,$0.277069,72.6%,orders,call_ended,A,22209841,1,5,5,0,1,0.30,positive,438,0.072582092,413,test
331,$0.146250,$0.244060,$0.038000,"2,925","450,146","1,107","341,071",296.1,,$0.428310,75.8%,orders,call_ended,A,22209841,1,15,6,1,1,0.35,positive,439,0.586446421,185,train
311,$0.135700,$0.048269,$0.034753,"2,714","374,715",902,"315,100",270.8,,$0.218722,84.1%,orders,call_ended,A,22209841,1,16,6,1,1,0.35,positive,440,0.100310751,400,test
305,$0.090350,$0.047060,$0.032417,"1,807","291,353",854,"224,841",252.6,,$0.169827,77.2%,orders,call_ended,A,22209841,1,17,6,1,1,0.35,positive,441,0.61417508,172,train
324,$0.136650,$0.047942,$0.036934,"2,733","403,099",941,"347,623",287.8,,$0.221526,86.2%,orders,call_ended,A,22209841,1,17,6,1,1,0.35,positive,442,0.12803941,387,test
301,$0.113350,$0.056194,$0.033598,"2,267","419,653",942,"347,685",261.8,,$0.203142,82.9%,orders,call_ended,A,22209841,1,17,6,1,1,0.35,positive,443,0.641903739,159,train
383,$0.154950,$0.058193,$0.044776,"3,099","481,076","1,132","412,757",348.9,,$0.257919,85.8%,orders,call_ended,A,22209841,1,18,6,1,1,0.45,positive,444,0.155768069,374,test
202,$0.075350,$0.049464,$0.021445,"1,507","341,436",751,"274,460",167.1,,$0.146259,80.4%,orders,call_ended,A,22209841,1,22,6,1,1,0.20,positive,445,0.669632399,146,train
238,$0.099300,$0.045193,$0.025218,"1,986","369,057",834,"315,195",196.5,,$0.169711,85.4%,orders,call_ended,A,22209841,1,0,0,1,1,0.42,positive,446,0.183496728,361,test
39,$0.005800,$0.009254,$0.000366,116,"19,977",58,"2,019",2.9,,$0.015420,10.1%,reception,call_ended,A,22209841,1,2,0,1,0,0.05,positive,447,0.697361058,133,train
17,$0.001950,$0.000000,$0.002748,39,0,0,0,0.0,,$0.004698,,reception,call_ended,A,22209841,1,2,0,1,0,0.00,positive,448,0.211225387,348,validation
14,$0.001950,$0.000000,$0.002748,39,0,0,0,0.0,,$0.004698,,reception,call_ended,A,22209841,1,2,0,1,0,0.00,positive,449,0.725089717,120,train
259,$0.073900,$0.061129,$0.025521,"1,478","386,407",844,"299,126",0.0,,$0.160550,77.4%,orders,call_ended,A,22209841,1,2,0,1,1,0.15,positive,450,0.238954046,336,validation
78,$0.020250,$0.019635,$0.007889,405,"65,264",232,"30,429",0.0,,$0.047774,46.6%,orders,call_ended,A,22209841,1,2,0,1,1,0.00,positive,451,0.752818376,108,train
13,$0.001950,$0.000000,$0.002748,39,0,0,0,0.0,,$0.004698,,reception,call_ended,A,22209841,1,2,0,1,0,0.00,positive,452,0.266682705,324,validation
12,$0.001950,$0.000000,$0.002748,39,0,0,0,0.0,,$0.004698,,reception,call_ended,A,22209841,1,2,0,1,0,0.00,positive,453,0.780547035,96,train
26,$0.001950,$0.005849,$0.003617,39,"13,308",35,"2,023",0.0,,$0.011416,15.2%,reception,call_ended,A,22209841,1,2,0,1,0,0.00,positive,454,0.294411364,312,validation
76,$0.012900,$0.009178,$0.001200,258,"26,745",116,"10,094",9.4,,$0.023278,37.7%,reception,call_ended,A,22209841,1,2,0,1,0,0.15,positive,455,0.808275694,84,train
92,$0.027850,$0.020540,$0.009096,557,"72,113",299,"36,474",0.0,,$0.057486,50.6%,orders,call_ended,A,22209841,1,2,0,1,1,0.00,positive,456,0.322140024,300,validation
72,$0.017100,$0.007776,$0.005866,342,"20,151",143,"6,064",0.0,,$0.030742,30.1%,orders,call_ended,A,22209841,1,3,0,1,1,0.10,positive,457,0.836004353,72,train
13,$0.001950,$0.000000,$0.002748,39,0,0,0,0.0,,$0.004698,,reception,call_ended,A,22209841,1,3,0,1,0,0.00,positive,458,0.349868683,288,validation
27,$0.004100,$0.002464,$0.003597,82,"6,646",17,"2,023",0.0,,$0.010161,30.4%,reception,call_ended,A,22209841,1,3,0,1,0,0.05,positive,459,0.863733012,60,train
116,$0.031600,$0.027172,$0.010853,632,"103,658",320,"56,926",0.0,,$0.069625,54.9%,orders,call_ended,A,22209841,1,3,0,1,1,0.05,positive,460,0.377597342,276,validation
106,$0.037000,$0.015780,$0.009466,740,"40,734",289,"12,120",0.0,,$0.062246,29.8%,orders,call_ended,A,22209841,1,3,0,1,1,0.05,positive,461,0.891461671,48,train
70,$0.012950,$0.007676,$0.005662,259,"20,156",109,"6,064",0.0,,$0.026288,30.1%,orders,call_ended,A,22209841,1,4,0,1,1,0.05,positive,462,0.405326001,264,train
163,$0.090750,$0.025347,$0.019603,"1,815","105,445",564,"64,594",152.8,,$0.135700,61.3%,reservations,call_ended,A,22209841,1,18,0,1,0,0.08,positive,463,0.91919033,36,train
43,$0.022500,$0.002104,$0.003086,450,"19,991",101,"18,210",24.1,,$0.027690,91.1%,reception,call_ended,A,22209841,1,18,0,1,0,-0.05,negative,464,0.43305466,252,train
274,$0.095950,$0.050575,$0.032558,"1,919","435,263","1,028","378,091",253.7,,$0.179083,86.9%,orders,call_ended,A,22209841,1,18,0,1,1,0.45,positive,465,0.94691899,24,train
79,$0.028050,$0.013994,$0.008136,561,"49,876",280,"26,187",63.4,,$0.050180,52.5%,reservations,call_ended,A,22209841,1,18,1,0,0,-0.05,negative,466,0.460783319,240,train
208,$0.053500,$0.037602,$0.002111,"1,070","162,153",446,"99,583",16.5,,$0.093213,61.4%,orders,call_ended,A,22209841,1,18,1,0,1,-0.05,negative,467,0.974647649,12,train
41,$0.007550,$0.002553,$0.004983,151,"6,675",42,"2,023",0.0,,$0.015086,30.3%,reception,call_ended,A,22209841,1,18,1,0,0,0.20,positive,468,0.488511978,228,train
14,$0.001850,$0.000000,$0.003206,37,0,0,0,0.0,,$0.005056,,reception,call_ended,A,22209841,1,18,1,0,0,-0.20,negative,469,0.002376308,444,test
16,$0.001850,$0.000000,$0.003206,37,0,0,0,0.0,,$0.005056,,reception,call_ended,A,22209841,1,18,1,0,0,-0.05,negative,470,0.516240637,216,train
12,$0.001850,$0.000000,$0.003206,37,0,0,0,0.0,,$0.005056,,reception,call_ended,A,22209841,1,18,1,0,0,0.00,positive,471,0.030104967,432,test
39,$0.008700,$0.002576,$0.004517,174,"6,673",50,"2,023",0.0,,$0.015793,30.3%,reception,call_ended,A,22209841,1,18,1,0,0,0.30,positive,472,0.543969296,204,train
465,$0.106900,$0.064879,$0.038795,"2,138","440,804",959,"352,000",0.0,,$0.210574,79.9%,orders,call_ended,A,22209841,1,18,1,0,1,0.05,positive,473,0.057833626,420,test
21,$0.001850,$0.000000,$0.002785,37,0,0,0,0.0,,$0.004635,,reception,call_ended,A,22209841,1,19,1,0,0,0.00,positive,474,0.571697955,192,train
50,$0.036800,$0.007258,$0.008767,736,"40,258",261,"30,343",0.0,,$0.052825,75.4%,reception,call_ended,A,22209841,1,19,1,0,0,-0.05,negative,475,0.085562285,407,test
493,$0.163850,$0.039271,$0.038218,"3,277","198,859","1,420","143,152",0.0,,$0.241339,72.0%,reservations,call_ended,A,22209841,1,19,1,0,0,0.25,positive,476,0.599426615,179,train
36,$0.004800,$0.003601,$0.003845,96,"7,075",21,0,0.0,,$0.012246,0.0%,reception,call_ended,A,22209841,1,4,3,0,0,0.05,positive,477,0.113290944,394,test
56,$0.013050,$0.005418,$0.005817,261,"21,291",77,"12,130",0.0,,$0.024285,57.0%,reception,call_ended,A,22209841,1,4,3,0,0,0.05,positive,478,0.627155274,166,train
53,$0.001850,$0.000000,$0.003544,37,0,0,0,0.0,,$0.005394,,reception,call_ended,A,22209842,1,4,3,0,0,0.00,positive,479,0.141019603,381,test
53,$0.001850,$0.000000,$0.003544,37,0,0,0,0.0,,$0.005394,,reception,call_ended,A,22209843,1,4,3,0,0,0.00,positive,480,0.654883933,153,train
126,$0.045650,$0.015497,$0.011385,913,"66,091",503,"42,350",0.0,,$0.072532,64.1%,reception,staff_guidance,A,22209842,1,5,3,0,0,-0.35,negative,481,0.168748262,368,test
100,$0.030550,$0.009034,$0.008671,611,"43,438",315,"30,288",0.0,,$0.048255,69.7%,reception,staff_guidance,A,22209842,1,5,3,0,0,-0.20,negative,482,0.682612592,140,train
53,$0.001850,$0.000000,$0.003544,37,0,0,0,0.0,,$0.005394,,reception,call_ended,A,22209842,1,5,3,0,0,0.00,positive,483,0.196476921,355,validation
53,$0.001850,$0.000000,$0.003544,37,0,0,0,0.0,,$0.005394,,reception,call_ended,A,22209842,1,5,3,0,0,0.00,positive,484,0.710341251,127,train
358,$0.091100,$0.018183,$0.021580,"1,822","102,633",755,"78,664",0.0,,$0.130863,76.6%,reception,staff_guidance,A,22209842,1,5,3,0,0,0.10,positive,485,0.224205581,342,validation
555,$0.147800,$0.037664,$0.031102,"2,956","196,654",951,"141,147",242.4,,$0.216566,71.8%,reception,staff_left,A,22209842,1,6,3,0,0,-0.20,negative,486,0.73806991,114,train
226,$0.052650,$0.011190,$0.011165,"1,053","58,185",388,"42,370",87.0,,$0.075005,72.8%,reception,staff_takeover,A,22209842,1,6,3,0,0,-0.35,negative,487,0.25193424,330,validation
314,$0.059200,$0.020091,$0.012994,"1,184","96,723",557,"66,537",101.3,,$0.092285,68.8%,reception,staff_takeover,A,22209842,1,7,3,0,0,-0.35,negative,488,0.765798569,102,train
53,$0.001900,$0.000000,$0.003545,38,0,0,0,0.0,,$0.005445,,reception,call_ended,A,22209842,1,8,3,0,0,0.00,positive,489,0.279662899,318,validation
53,$0.001900,$0.000000,$0.003545,38,0,0,0,0.0,,$0.005445,,reception,call_ended,A,22209842,1,8,3,0,0,0.00,positive,490,0.793527228,90,train
667,$0.194550,$0.113205,$0.039360,"3,891","651,600","1,674","483,594",306.7,,$0.347115,74.2%,orders,staff_guidance,A,22209842,1,8,3,0,1,0.12,positive,491,0.307391558,306,validation
372,$0.087050,$0.067285,$0.030530,"1,741","450,369","1,101","358,227",0.0,,$0.184865,79.5%,orders,staff_guidance,A,22209842,1,9,3,0,1,0.05,positive,492,0.821255887,78,train
177,$0.061800,$0.051685,$0.003234,"1,236","221,921",682,"136,270",25.2,,$0.116719,61.4%,orders,call_ended,A,22209842,1,11,3,0,1,-0.05,negative,493,0.335120217,294,validation
87,$0.033500,$0.013311,$0.005236,670,"51,151",454,"30,282",40.8,,$0.052047,59.2%,reception,call_ended,A,22209842,1,12,3,0,0,-0.25,negative,494,0.848984546,66,train
53,$0.007950,$0.003571,$0.001059,159,"6,981",27,0,8.2,,$0.012580,0.0%,reception,call_ended,A,22209842,1,16,3,0,0,0.00,positive,495,0.362848876,282,validation
53,$0.001900,$0.000000,$0.003545,38,0,0,0,0.0,,$0.005445,,reception,call_ended,A,22209842,1,16,3,0,0,0.00,positive,496,0.876713206,54,train
52,$0.001900,$0.000000,$0.003522,38,0,0,0,0.0,,$0.005422,,reception,call_ended,A,22209842,1,16,3,0,0,0.00,positive,497,0.390577535,270,validation
221,$0.075650,$0.034665,$0.016106,"1,513","204,865",567,"154,374",125.5,,$0.126421,75.4%,orders,staff_guidance,A,22209842,1,16,3,0,1,0.35,positive,498,0.904441865,42,train
125,$0.023600,$0.012884,$0.007828,472,"35,434",207,"12,121",61.0,,$0.044312,34.2%,reception,staff_takeover,A,22209842,1,20,3,0,0,-0.40,negative,499,0.418306194,258,train
146,$0.059600,$0.082941,$0.016478,"1,192","78,223",825,"55,552",128.4,24,$0.159019,71.0%,reservations,call_ended,A,22209841,1,1,3,0,0,0.35,positive,500,0.932170524,30,train
118,$0.047900,$0.043009,$0.012910,958,"46,084",697,"36,736",100.6,14,$0.103819,79.7%,reservations,call_ended,A,22209841,1,1,3,0,0,0.45,positive,501,0.446034853,246,train
138,$0.045650,$0.086626,$0.013000,913,"52,924",468,"23,424",101.3,17,$0.145276,44.3%,reservations,call_ended,A,22209841,1,1,3,0,0,0.20,positive,502,0.959899183,18,train
270,$0.072550,$0.088736,$0.031621,"1,451","104,690","1,005","83,584",246.4,35,$0.192907,79.8%,reservations,call_ended,A,22209841,1,6,3,0,0,0.30,positive,503,0.473763512,234,train
50,$0.009700,$0.014457,$0.002073,194,"9,637",68,"4,736",16.2,5,$0.026230,49.1%,reception,call_ended,A,22209841,1,7,3,0,0,0.05,positive,504,0.987627842,6,train
52,$0.020100,$0.012059,$0.003587,402,"14,601",156,"11,904",28.0,5,$0.035746,81.5%,reception,call_ended,A,22209841,1,7,3,0,0,0.05,positive,505,0.501492172,222,train
86,$0.028500,$0.047445,$0.007706,570,"40,560",339,"26,240",60.1,13,$0.083651,64.7%,reception,call_ended,A,22209841,1,7,3,0,0,0.05,positive,506,0.015356501,438,test
266,$0.061350,$0.072439,$0.028362,"1,227","66,184",845,"46,976",221.0,26,$0.162151,71.0%,reservations,call_ended,A,22209841,1,7,3,0,0,0.05,positive,507,0.529220831,210,train
414,$0.080500,$0.128901,$0.048183,"1,610","133,843","1,531","101,632",375.5,46,$0.257584,75.9%,reservations,call_ended,A,22209841,1,8,3,0,0,0.05,positive,508,0.04308516,426,test
74,$0.010500,$0.020194,$0.008014,210,"19,732",208,"14,336",62.4,8,$0.038708,72.7%,reception,call_ended,A,22209841,1,8,3,0,0,0.05,positive,509,0.55694949,198,train
85,$0.013000,$0.014677,$0.009490,260,"14,735",193,"11,136",73.9,7,$0.037167,75.6%,reception,call_ended,A,22209841,1,8,3,0,0,0.05,positive,510,0.070813819,414,test
49,$0.005500,$0.010425,$0.004960,110,"9,702",38,"6,400",38.6,5,$0.020885,66.0%,reception,call_ended,A,22209841,1,8,3,0,0,0.05,positive,511,0.584678149,186,train
80,$0.010900,$0.026077,$0.005493,218,"24,532",261,"17,408",42.8,9,$0.042470,71.0%,reception,call_ended,A,22209841,1,8,3,0,0,0.05,positive,512,0.098542478,401,test
88,$0.025900,$0.021292,$0.009490,518,"35,068",298,"31,488",74.0,13,$0.056682,89.8%,reception,call_ended,A,22209841,1,8,3,0,0,0.20,positive,513,0.612406808,173,train
282,$0.061500,$0.163392,$0.034342,"1,230","246,726","1,183","209,408",267.6,31,$0.259234,84.9%,orders,call_ended,A,22209841,1,9,3,0,1,0.35,positive,514,0.126271138,388,test
287,$0.056200,$0.175245,$0.035651,"1,124","277,933","1,188","238,848",277.8,31,$0.267096,85.9%,orders,call_ended,A,22209841,1,9,3,0,1,0.35,positive,515,0.640135467,160,train
301,$0.080850,$0.176298,$0.033732,"1,617","246,282","1,311","204,032",262.9,30,$0.290880,82.8%,orders,call_ended,A,22209841,1,10,3,0,1,0.35,positive,516,0.153999797,375,test
277,$0.089050,$0.174308,$0.029992,"1,781","265,682","1,497","227,712",233.7,34,$0.293350,85.7%,orders,call_ended,A,22209841,1,10,3,0,1,0.35,positive,517,0.667864126,147,train
294,$0.096350,$0.167242,$0.032789,"1,927","285,095","1,304","251,136",255.5,35,$0.296381,88.1%,orders,call_ended,A,22209841,1,10,3,0,1,0.35,positive,518,0.181728456,362,test
332,$0.095350,$0.185167,$0.038731,"1,907","303,699","1,568","265,600",301.8,39,$0.319248,87.5%,orders,call_ended,A,22209841,1,12,3,0,1,0.35,positive,519,0.695592785,134,train
327,$0.046700,$0.166653,$0.040694,934,"340,285","1,436","313,600",317.1,34,$0.254047,92.2%,orders,call_ended,A,22209841,1,13,3,0,1,0.35,positive,520,0.209457115,349,validation
288,$0.093900,$0.210482,$0.034239,"1,878","360,152","1,738","318,208",266.8,39,$0.338621,88.4%,orders,call_ended,A,22209841,1,14,3,0,1,0.42,positive,521,0.723321444,121,train